時間,類別,顧客名,アクセスユーザー,機能,プログラムパス,ログ
"2021/09/16 11/50/45",si,kk00000000,log@log.com,cm,StartWorkManegement/handle,処理開始
"2021/09/16 11/52/07",si,kk00000000,log@log.com,cm,StartWorkManegement/handle,処理開始
"2021/09/16 11/53/15",si,kk00000000,log@log.com,cm,StartWorkManegement/handle,処理開始
"2021/09/16 11/53/31",si,aa00000001,log@log.com,cm,StartWorkManegement/handle,処理開始
"2021/09/16 11/53/31",si,kk00000000,log@log.com,cm,StartWorkManegement/handle,処理開始
"2021/09/16 11/54/40",si,kk00000000,log@log.com,cm,StartWorkManegement/handle,処理開始
"2021/09/16 11/54/42",si,kk00000000,log@log.com,cm,StartWorkManegement/handle,処理開始
"2021/09/16 11/57/34",si,kk00000000,log@log.com,cm,StartWorkManegement/handle,処理開始
"2021/09/16 01/06/35",si,kk00000000,log@log.com,cm,StartWorkManegement/handle,処理開始
"2021/09/16 01/06/39",si,kk00000000,log@log.com,cm,StartWorkManegement/handle,処理開始
"2021/09/16 01/06/44",si,aa00000001,log@log.com,cm,StartWorkManegement/handle,処理開始
"2021/09/16 01/06/44",ok,aa00000001,log@log.com,cm,Psbs01Controller/store,登録しました
"2021/09/16 01/06/44",si,kk00000000,log@log.com,cm,StartWorkManegement/handle,処理開始
"2021/09/16 01/10/22",si,kk00000000,log@log.com,cm,StartWorkManegement/handle,処理開始
"2021/09/16 01/10/26",si,kk00000000,log@log.com,cm,StartWorkManegement/handle,処理開始
"2021/09/16 01/10/27",si,aa00000001,log@log.com,cm,StartWorkManegement/handle,処理開始
"2021/09/16 01/10/28",ok,aa00000001,log@log.com,cm,Psbs01Controller/store,登録しました
"2021/09/16 01/10/28",si,kk00000000,log@log.com,cm,StartWorkManegement/handle,処理開始
"2021/09/16 01/10/32",si,kk00000000,log@log.com,cm,StartWorkManegement/handle,処理開始
"2021/09/16 01/10/34",si,aa00000001,log@log.com,cm,StartWorkManegement/handle,処理開始
"2021/09/16 01/13/46",si,aa00000001,log@log.com,cm,StartWorkManegement/handle,処理開始
"2021/09/16 01/15/50",si,aa00000001,log@log.com,cm,StartWorkManegement/handle,処理開始
"2021/09/16 01/20/56",si,aa00000001,log@log.com,cm,StartWorkManegement/handle,処理開始
"2021/09/16 01/20/56",er,aa00000001,log@log.com,00,Connection/runQueryCallback,エラーです。エラーID【%s】
"2021/09/16 01/46/37",si,kk00000000,log@log.com,cm,StartWorkManegement/handle,処理開始
"2021/09/16 01/46/39",si,kk00000000,log@log.com,cm,StartWorkManegement/handle,処理開始
"2021/09/16 02/26/26",si,kk00000000,log@log.com,cm,StartWorkManegement/handle,処理開始
"2021/09/16 02/26/29",si,aa00000001,log@log.com,cm,StartWorkManegement/handle,処理開始
"2021/09/16 02/38/37",si,aa00000001,log@log.com,cm,StartWorkManegement/handle,処理開始
"2021/09/16 02/40/55",si,aa00000001,log@log.com,cm,StartWorkManegement/handle,処理開始
"2021/09/16 02/41/32",si,aa00000001,log@log.com,cm,StartWorkManegement/handle,処理開始
"2021/09/16 02/41/43",si,kk00000000,log@log.com,cm,StartWorkManegement/handle,処理開始
"2021/09/16 02/41/45",si,aa00000001,log@log.com,cm,StartWorkManegement/handle,処理開始
"2021/09/16 02/41/45",er,aa00000001,log@log.com,00,Psbs01Controller/store,エラーです。エラーID【%s】
"2021/09/16 02/41/45",si,kk00000000,log@log.com,cm,StartWorkManegement/handle,処理開始
"2021/09/16 02/41/48",si,kk00000000,log@log.com,cm,StartWorkManegement/handle,処理開始
"2021/09/16 02/41/51",si,kk00000000,log@log.com,cm,StartWorkManegement/handle,処理開始
"2021/09/16 02/41/53",si,aa00000001,log@log.com,cm,StartWorkManegement/handle,処理開始
"2021/09/16 02/41/53",er,aa00000001,log@log.com,00,Psbs01Controller/store,エラーです。エラーID【%s】
"2021/09/16 02/41/53",si,kk00000000,log@log.com,cm,StartWorkManegement/handle,処理開始
"2021/09/16 02/45/43",si,kk00000000,log@log.com,cm,StartWorkManegement/handle,処理開始
"2021/09/16 02/45/44",si,kk00000000,log@log.com,cm,StartWorkManegement/handle,処理開始
"2021/09/16 02/45/45",si,aa00000001,log@log.com,cm,StartWorkManegement/handle,処理開始
"2021/09/16 02/46/52",si,aa00000001,log@log.com,cm,StartWorkManegement/handle,処理開始
"2021/09/16 02/47/07",si,aa00000001,log@log.com,cm,StartWorkManegement/handle,処理開始
"2021/09/16 02/47/07",er,aa00000001,log@log.com,00,Psbs01Controller/store,エラーです。エラーID【%s】
"2021/09/16 02/47/08",si,kk00000000,log@log.com,cm,StartWorkManegement/handle,処理開始
"2021/09/16 02/47/14",si,kk00000000,log@log.com,cm,StartWorkManegement/handle,処理開始
"2021/09/16 02/47/17",si,aa00000001,log@log.com,cm,StartWorkManegement/handle,処理開始
"2021/09/16 02/47/17",ok,aa00000001,log@log.com,cm,Psbs01Controller/store,登録しました
"2021/09/16 02/47/17",si,kk00000000,log@log.com,cm,StartWorkManegement/handle,処理開始
"2021/09/16 02/47/19",si,kk00000000,log@log.com,cm,StartWorkManegement/handle,処理開始
"2021/09/16 02/51/50",si,kk00000000,log@log.com,cm,StartWorkManegement/handle,処理開始
"2021/09/16 02/51/52",si,kk00000000,log@log.com,cm,StartWorkManegement/handle,処理開始
"2021/09/16 02/51/53",si,aa00000001,log@log.com,cm,StartWorkManegement/handle,処理開始
"2021/09/16 02/51/53",er,aa00000001,log@log.com,00,Psbs01Controller/store,エラーです。エラーID【%s】
"2021/09/16 02/51/53",si,kk00000000,log@log.com,cm,StartWorkManegement/handle,処理開始
"2021/09/16 02/58/54",si,kk00000000,log@log.com,cm,StartWorkManegement/handle,処理開始
"2021/09/16 03/00/56",si,kk00000000,log@log.com,cm,StartWorkManegement/handle,処理開始
"2021/09/16 03/06/32",si,kk00000000,log@log.com,cm,StartWorkManegement/handle,処理開始
"2021/09/16 03/06/33",si,kk00000000,log@log.com,cm,StartWorkManegement/handle,処理開始
"2021/09/16 03/11/00",si,kk00000000,log@log.com,cm,StartWorkManegement/handle,処理開始
"2021/09/16 03/11/00",si,kk00000000,log@log.com,cm,StartWorkManegement/handle,処理開始
"2021/09/16 03/11/40",si,kk00000000,log@log.com,cm,StartWorkManegement/handle,処理開始
"2021/09/16 03/11/40",si,kk00000000,log@log.com,cm,StartWorkManegement/handle,処理開始
"2021/09/16 03/11/41",si,kk00000000,log@log.com,cm,StartWorkManegement/handle,処理開始
"2021/09/16 03/11/43",si,aa00000001,log@log.com,cm,StartWorkManegement/handle,処理開始
"2021/09/16 03/11/43",er,aa00000001,log@log.com,00,Psbs01Controller/store,エラーです。エラーID【%s】
"2021/09/16 03/11/43",si,kk00000000,log@log.com,cm,StartWorkManegement/handle,処理開始
"2021/09/16 03/12/01",si,kk00000000,log@log.com,cm,StartWorkManegement/handle,処理開始
"2021/09/16 03/12/09",si,aa00000001,log@log.com,cm,StartWorkManegement/handle,処理開始
"2021/09/16 03/12/09",er,aa00000001,log@log.com,00,Psbs01Controller/store,エラーです。エラーID【%s】
"2021/09/16 03/12/09",si,kk00000000,log@log.com,cm,StartWorkManegement/handle,処理開始
"2021/09/16 03/25/28",si,kk00000000,log@log.com,cm,StartWorkManegement/handle,処理開始
"2021/09/16 03/25/30",si,kk00000000,log@log.com,cm,StartWorkManegement/handle,処理開始
"2021/09/16 03/25/33",si,kk00000000,log@log.com,cm,StartWorkManegement/handle,処理開始
"2021/09/16 03/25/33",si,kk00000000,log@log.com,cm,StartWorkManegement/handle,処理開始
"2021/09/16 03/25/35",si,kk00000000,log@log.com,cm,StartWorkManegement/handle,処理開始
"2021/09/16 03/25/36",si,kk00000000,log@log.com,cm,StartWorkManegement/handle,処理開始
"2021/09/16 03/25/38",si,kk00000000,log@log.com,cm,StartWorkManegement/handle,処理開始
"2021/09/16 03/25/40",si,kk00000000,log@log.com,cm,StartWorkManegement/handle,処理開始
"2021/09/16 03/27/26",si,kk00000000,log@log.com,cm,StartWorkManegement/handle,処理開始
"2021/09/16 03/37/18",si,kk00000000,log@log.com,cm,StartWorkManegement/handle,処理開始
"2021/09/16 03/37/20",si,kk00000000,log@log.com,cm,StartWorkManegement/handle,処理開始
"2021/09/16 03/37/23",si,kk00000000,log@log.com,cm,StartWorkManegement/handle,処理開始
"2021/09/16 03/37/28",si,kk00000000,log@log.com,cm,StartWorkManegement/handle,処理開始
"2021/09/16 03/37/29",si,kk00000000,log@log.com,cm,StartWorkManegement/handle,処理開始
"2021/09/16 03/37/32",si,aa00000001,log@log.com,cm,StartWorkManegement/handle,処理開始
"2021/09/16 03/37/32",si,kk00000000,log@log.com,cm,StartWorkManegement/handle,処理開始
"2021/09/16 03/37/34",si,kk00000000,log@log.com,cm,StartWorkManegement/handle,処理開始
"2021/09/16 03/37/36",si,aa00000001,log@log.com,cm,StartWorkManegement/handle,処理開始
"2021/09/16 03/37/36",ok,aa00000001,log@log.com,cm,Psbs01Controller/store,登録しました
"2021/09/16 03/37/37",si,kk00000000,log@log.com,cm,StartWorkManegement/handle,処理開始
"2021/09/16 03/37/39",si,kk00000000,log@log.com,cm,StartWorkManegement/handle,処理開始
"2021/09/16 03/37/42",si,kk00000000,log@log.com,cm,StartWorkManegement/handle,処理開始
"2021/09/16 03/37/48",si,aa00000001,log@log.com,cm,StartWorkManegement/handle,処理開始
"2021/09/16 03/37/49",si,kk00000000,log@log.com,cm,StartWorkManegement/handle,処理開始
"2021/09/16 03/37/51",si,kk00000000,log@log.com,cm,StartWorkManegement/handle,処理開始
"2021/09/16 03/37/52",si,aa00000001,log@log.com,cm,StartWorkManegement/handle,処理開始
"2021/09/16 03/38/06",si,kk00000000,log@log.com,cm,StartWorkManegement/handle,処理開始
"2021/09/16 03/39/06",si,kk00000000,log@log.com,cm,StartWorkManegement/handle,処理開始
